OrderID,Date,ProductID,CustomerID,ShippingAddressID,IBAN,Qty,UnitPrice
10000,2025-01-04,489,8438,4,GB36DAXI33218196001338,3,494
10001,2024-12-20,132,8560,38,GB30ARGW86379402654235,1,202
10002,2024-06-09,266,6119,19,GB18CMDL59407816184959,1,334
10003,2024-07-14,171,4886,8,GB37WCBV34131647525534,1,496
10004,2025-01-28,32,1018,7,GB17VUCT28327648350305,5,600
10005,2024-10-03,396,3939,1,GB68ICGS53767242388496,2,596
10006,2025-04-14,373,1710,16,GB62SMLH28710122691669,4,573
10007,2024-10-29,132,6977,8,GB34QIRA18451462704828,3,202
10008,2025-04-20,1,7566,24,GB05DUJU89325288095701,4,1200
10009,2025-04-26,703,1042,39,GB30LZJH03911718227824,2,736
10010,2024-11-21,703,8438,4,GB03TNGR34657871331509,4,736
10011,2024-12-02,64,2612,7,GB23HSHA10310518347382,5,1400
10012,2025-02-05,617,7947,5,GB82SSPH76311656670106,4,256
10013,2025-02-07,733,8438,34,GB49KZDH33872624731781,1,444
10014,2024-05-20,733,4912,10,GB86URAC32677360260647,3,444
10015,2024-08-19,171,1018,37,GB89NWXZ87234309805009,1,496
10016,2024-11-02,266,8560,38,GB38QQFB81219136193990,1,334
10017,2024-12-27,132,7626,6,GB64CNVS98543534624751,4,202
10018,2024-05-04,617,6977,9,GB57OTSD18384251354278,2,256
10019,2025-01-29,877,2612,3,GB52JTZU80841241182449,3,565
10020,2024-07-21,373,6295,26,GB05WKGV48740164005242,5,573
10021,2025-02-12,489,8245,36,GB96ORWN80112805982620,2,494
10022,2024-08-28,350,6977,7,GB06LZBL33158692322602,3,359
10023,2025-02-11,489,8770,11,GB45KZNZ34216073375433,2,494
10024,2024-05-10,266,8486,8,GB25VGMK41458685014294,2,334
10025,2024-05-15,14,7947,8,GB36DTNL56981693406088,4,800
10026,2025-01-22,617,8381,3,GB40XXXV35615951484656,5,256
10027,2025-01-26,373,8486,3,GB92JREG66299468044369,4,573
10028,2024-12-22,384,4630,18,GB26UKOO73872148951343,2,455
10029,2025-03-10,617,7594,35,GB77GEAB37917693676320,5,256
10030,2025-04-12,733,1042,9,GB71YYDY63287083172788,4,444
10031,2024-12-18,171,3344,13,GB77KYOT86872774348734,2,496
10032,2024-10-18,754,8606,17,GB55CWJH45581223623166,1,301
10033,2024-09-06,14,7626,18,GB33RONB36690967054668,2,800
10034,2025-02-15,489,8245,36,GB61XRZT37346706562729,5,494
10035,2024-11-24,32,3344,11,GB68AMSS01627204653755,5,600
10036,2025-02-20,467,8606,10,GB84MIYN41708053100330,5,476
10037,2024-12-28,1,5831,14,GB22EHEP19374529912419,5,1200
10038,2024-05-10,617,7566,12,GB06JSVM63193149190586,1,256
10039,2025-01-12,833,4886,13,GB91LCQU50671657262849,4,370
10040,2025-03-10,1,6119,19,GB07RYPO69453147379965,5,1200
10041,2024-05-12,350,8606,10,GB69PKFP35454948083136,3,359
10042,2024-11-06,489,8606,15,GB96RYHW77701436349578,2,494
10043,2024-11-23,754,2612,1,GB94LNXR55744431351823,5,301
10044,2024-07-24,180,6295,12,GB07XPIX98941343524082,5,462
10045,2024-08-15,703,7511,10,GB02BBRJ27109477752047,1,736
10046,2024-06-14,877,4630,5,GB87CMPC90229413186999,2,565
10047,2024-07-27,14,8560,8,GB12YQMO74964990913341,1,800
10048,2024-06-30,32,6119,1,GB32HFRC20679740344713,1,600
10049,2025-04-24,733,7566,18,GB79IZZU93618324210249,2,444
10050,2025-02-15,266,7511,9,GB94SJOD74648877190659,2,334
10051,2024-08-06,617,8606,1,GB75ACHV99049027874296,4,256
10052,2025-01-02,792,6295,15,GB42PCPL65512567468071,2,295
10053,2024-08-31,373,4912,40,GB03IKDY68087603859770,3,573
10054,2024-07-19,467,4630,28,GB56IREJ77109324808613,4,476
10055,2025-03-23,64,8560,8,GB55DODU27484677378263,1,1400
10056,2025-04-24,703,3939,1,GB15TQXE14658404499727,5,736
10057,2024-11-26,132,2501,14,GB59PLKR86753396360576,1,202
10058,2024-09-27,32,8770,11,GB36VZUE70289517187026,2,600
10059,2025-04-04,32,4630,13,GB74UECP45961586578091,3,513.55
10060,2024-07-31,32,8606,11,GB09UVJH16117240050455,3,600
10061,2024-10-15,266,7511,4,GB31EHQN92221969379237,5,334
10062,2025-01-03,754,6119,6,GB14IOIV07482175946474,5,301
10063,2024-07-17,847,8560,8,GB16MPDH69594406409097,4,405
10064,2025-03-20,792,8438,34,GB63JYZH95339421047095,4,295
10065,2025-02-09,877,4886,12,GB34ECJK62328588424745,4,565
10066,2025-03-09,646,1841,32,GB48DOCE36851604817549,1,301
10067,2024-09-25,384,6119,22,GB25ULDV37098593174612,1,455
10068,2024-05-18,132,1018,7,GB59BJPD13826758692617,5,202
10069,2024-12-26,467,7594,35,GB37NIBW53773515850643,2,476
10070,2024-06-17,617,6977,8,GB16OCVG90053293183933,1,256
10071,2024-09-05,467,7947,25,GB15YEZT04228421020539,1,476
10072,2024-09-03,14,1710,2,GB62AFIB26811775891783,1,800
10073,2024-12-25,32,6295,12,GB09BXZV84700766177115,2,600
10074,2024-12-23,444,7511,13,GB47ECEI99856984789611,2,244
10075,2025-03-28,384,4630,13,GB32UUYR36736576615654,2,455
10076,2024-09-23,384,3939,1,GB09EVPC11161528098851,3,437.99
10077,2024-10-07,467,4912,40,GB97LVYN04945198327315,5,476
10078,2025-03-25,266,8770,9,GB62RLDY49368998094024,2,334
10079,2025-01-28,792,4912,40,GB83YJKL02296120183667,1,295
10080,2024-09-10,171,6119,3,GB66FLJX59910229014767,1,496
10081,2024-12-22,646,8486,5,GB14ONIG81561497840369,1,301
10082,2024-05-22,171,7511,3,GB76AGJG24451076226838,5,496
10083,2024-12-03,350,1841,2,GB76VZLC60607159696641,1,359
10084,2024-10-05,350,8381,33,GB86AKFZ97516136968164,1,359
10085,2025-02-14,266,7626,17,GB88KHKY21818835523124,4,334
10086,2024-07-16,64,4630,13,GB54FTEY12779979955271,2,1400
10087,2024-10-30,171,9850,17,GB48OUJZ49058147700541,5,496
10088,2025-01-06,32,4886,3,GB49CTTQ67980793597820,5,600
10089,2024-10-22,180,8486,6,GB14DZKW18203778892554,2,462
10090,2024-09-28,266,8770,23,GB43NYKV90515186449251,2,334
10091,2024-12-13,617,3344,10,GB77VELJ62914865281685,3,256
10092,2024-05-08,467,8486,8,GB27LJFG57332214188805,1,476
10093,2025-04-06,467,9850,6,GB26YTET62229270653794,1,476
10094,2025-02-17,32,7797,6,GB17XZOH83473597746886,5,600
10095,2024-07-02,617,7594,35,GB86GZTE40758181412478,1,256
10096,2024-06-27,132,2612,10,GB92NCHO50606853615305,2,228.69
10097,2025-04-27,467,3248,27,GB92DWUK22047277901043,3,476
10098,2025-03-21,396,7947,1,GB65ERXT86143410369711,1,596
10099,2025-03-21,266,3248,1,GB60PTRA89324609539621,3,334
10100,2024-11-20,266,8438,34,GB94LCQR88806706540515,3,334
10101,2024-08-02,64,4630,25,GB69XVUD95205852772217,5,1259
10102,2024-05-15,754,1042,9,GB17JGBZ30548687403450,5,301
10103,2025-04-02,792,8770,23,GB57UKID56676527758416,2,295
10104,2024-05-31,266,1710,11,GB26NTFR45115447962757,5,334
10105,2024-05-17,847,1042,39,GB72XLTN40165820297021,1,405
10106,2024-07-31,489,4886,1,GB38YULL69092755719285,1,494
10107,2024-10-02,1,8486,2,GB62KUIH10278681447394,3,1200
10108,2025-01-25,350,6119,21,GB27PGDE17271551884422,5,359
10109,2025-03-05,373,4886,6,GB96LQHD32370589578291,1,573
10110,2024-05-26,64,8381,33,GB45JMWX78669125177852,5,1400
10111,2025-04-06,14,3248,17,GB33YRUS22680182422535,5,800
10112,2025-05-01,733,7594,35,GB09QJCI38424981829922,2,444
10113,2025-01-11,14,4912,40,GB21TXTK90010943969078,1,800
10114,2024-08-21,877,1018,37,GB55UJPH64710276773592,1,565
10115,2024-08-30,877,7566,2,GB61WKXL62588153714732,4,565
10116,2024-06-07,396,6119,10,GB50BJMT63259532787747,2,596
10117,2024-05-10,350,7947,14,GB96CMQO33950047974801,4,359
10118,2024-10-15,1,8245,36,GB82EIXL65060983584168,4,1200
10119,2024-10-22,266,7626,16,GB85YRIT91216558523986,3,334
10120,2024-11-11,350,7947,3,GB33BBBE57872982595269,4,359
10121,2025-02-12,14,7626,20,GB71JSKQ88794705516940,2,800
10122,2024-12-18,792,3248,27,GB54PIUZ99309728962309,3,295
10123,2025-01-28,833,3248,18,GB15DGAO56263689702838,2,370
10124,2024-09-04,1,5831,4,GB66VPQM52785854973348,4,1200
10125,2024-08-24,703,1042,9,GB72HJYJ37575844198665,3,736
10126,2025-02-25,877,1710,9,GB81ZEJB41574733848421,4,565
10127,2024-12-26,266,3248,17,GB91XSHH08330165712082,3,334
10128,2024-10-06,1,8438,4,GB35UPPU34540193802620,2,1200
10129,2025-03-21,171,1042,39,GB98MZPF40049915478872,1,496
10130,2025-03-27,396,4886,4,GB87QOIG15274205493296,3,596
10131,2025-03-18,444,9850,17,GB40NQKC61227530463745,1,244
10132,2024-08-26,384,4630,8,GB45SXSA45301742684145,2,455
10133,2024-12-25,617,1841,32,GB44HHEP27956878339187,1,256
10134,2024-11-22,180,6295,15,GB64WLCS10883982258713,2,462
10135,2025-02-03,877,4886,7,GB76SPCQ70728679087406,3,565
10136,2024-08-07,396,8486,1,GB30AXGS10651801704622,3,515.99
10137,2025-02-22,180,4912,10,GB40UXUN56766182512868,3,462
10138,2024-06-19,384,8770,22,GB09XHAY04786863375243,5,455
10139,2025-04-30,754,1018,7,GB70XYDB69033119079030,4,360.08
10140,2024-10-04,266,6119,8,GB92OHRG02843959953428,5,334
10141,2024-07-25,171,4912,40,GB45NJIB89268705685662,5,496
10142,2024-08-25,1,4912,10,GB80MFYR73342708668826,2,1200
10143,2024-08-03,444,7947,13,GB09IGKU17518304699013,5,244
10144,2025-03-09,489,8486,11,GB45YSXV83735403317393,4,494
10145,2024-10-02,467,5831,21,GB25HRKY46785445877175,5,476
10146,2025-04-21,847,7947,7,GB28GLKN09320489964235,1,405
10147,2024-07-29,833,8606,8,GB74MSHP85477725228728,3,370
10148,2025-01-05,32,3248,20,GB48BQBC00623120387509,3,600
10149,2025-01-03,132,7947,23,GB92VTPV70088600848408,2,202
10150,2025-03-12,1,1841,32,GB75WVNZ21182339845461,4,1200
10151,2024-09-22,396,7626,21,GB43MOSH34101666870021,4,596
10152,2024-11-11,444,4630,9,GB23NUZK91803397401489,2,244
10153,2025-01-11,373,8770,13,GB31BFKA39261429396856,4,573
10154,2025-02-18,384,8560,8,GB92XEZW18501631599965,1,455
10155,2024-05-12,64,7566,9,GB58UIZO73586629619431,2,1400
10156,2024-06-01,350,7947,26,GB78IEMW26551104754121,4,359
10157,2024-07-12,14,7797,15,GB84NORR86101581995604,1,800
10158,2024-10-08,467,7594,35,GB27MYCX83982622444721,5,476
10159,2024-07-04,733,9850,16,GB91NINJ71543799371240,4,444
10160,2024-10-01,396,3248,22,GB93KTMZ57569245937526,4,596
10161,2024-09-01,733,6977,14,GB44JXWU79356465193982,4,444
10162,2025-01-20,467,1042,9,GB71YRAX73741672434266,3,476
10163,2024-05-29,180,7511,12,GB30OTPS68868058911352,3,462
10164,2025-01-07,467,8381,33,GB60TBSU65610143888993,2,476
10165,2024-10-21,617,8486,9,GB86LMOY98250714611254,5,256
10166,2024-09-11,32,7594,35,GB44OZGQ75717751401051,2,600
10167,2025-01-18,384,8770,7,GB29ZFXH82825867362266,2,455
10168,2024-05-12,32,4886,2,GB66XTGO96603341918255,3,600
10169,2024-07-16,733,6977,3,GB16ODIV78596969155792,1,444
10170,2025-03-13,792,3248,7,GB87VWZJ99125134125286,4,295
10171,2024-10-10,171,8770,22,GB27TESM62782827422579,5,496
10172,2024-05-21,384,7511,11,GB29LAPE36887676772190,3,455
10173,2025-03-06,833,7566,4,GB86YHJB43842797881914,4,370
10174,2025-02-26,733,6119,15,GB58RLRY07836134074517,5,478.97
10175,2025-04-02,132,7511,9,GB78DYZH39596292330958,3,202
10176,2024-08-18,444,7511,15,GB69TRFK44948126042232,4,244
10177,2025-02-01,703,5831,8,GB98KHYV67294667116845,2,736
10178,2024-10-24,467,6295,1,GB44PKSA17518636374545,5,476
10179,2024-11-29,733,3939,1,GB60SESP50017012770632,5,444
10180,2025-04-08,171,5831,9,GB56UJFI15415206436110,1,496
10181,2024-07-22,489,4886,7,GB17PCES38700516271361,4,494
10182,2025-02-08,350,1841,2,GB89ZDDK54262218909275,4,359
10183,2025-02-05,703,1018,7,GB29GUXE69731121965652,3,736
10184,2024-08-05,703,7566,9,GB30IUCH89994043898364,3,736
10185,2025-01-06,444,1042,39,GB15BZZH76137918055269,4,244
10186,2024-10-11,1,6119,7,GB63LRVF71091043006848,1,1200
10187,2025-02-22,877,8560,8,GB04NNWM18892414183285,1,565
10188,2024-09-29,1,8560,8,GB32SUYU14630316179904,1,1200
10189,2025-01-14,396,7594,35,GB27XVXF10202758842524,2,596
10190,2025-02-09,847,5831,17,GB91DYAK64814917785079,5,405
10191,2024-07-04,792,6977,11,GB15LFIY19138000307562,3,295
10192,2024-07-09,350,9850,10,GB76BRZW63536541951802,1,359
10193,2024-07-26,350,4912,10,GB96ZQBM17445187053494,5,359
10194,2025-02-12,1,6295,1,GB03THOL97383206038505,5,1200
10195,2024-05-01,266,6295,4,GB13YVMX41383670241038,4,334
10196,2024-10-08,373,1018,7,GB06WLOX19182619906234,5,573
10197,2024-08-10,373,3248,14,GB74KZMW55743132912127,1,573
10198,2024-10-28,373,7566,2,GB28KNDR53747411249035,5,629.86
10199,2024-06-27,64,7947,18,GB96CWHL68044206788317,1,1400
10200,2024-06-09,877,7797,1,GB59ZZED00323651994101,3,565
10201,2024-07-16,32,8606,9,GB94UOZE15107029667066,1,600
10202,2024-07-07,444,3248,19,GB72LGFI47209993476870,1,244
10203,2024-06-04,444,2612,5,GB79IMEN38380657875985,2,244
10204,2024-09-28,444,8245,36,GB95IFAK93040785932133,3,244
10205,2024-08-12,396,7947,7,GB87RZXB39652239559059,4,596
10206,2024-12-05,467,4886,10,GB79ESGZ78427010393087,3,476
10207,2024-05-01,703,7626,24,GB27KTGZ25250029218515,1,736
10208,2025-01-29,617,4630,21,GB28VMSD54522675289539,2,256
10209,2025-03-13,467,2501,8,GB69FMJX42209690295939,4,476
10210,2024-06-10,703,3939,1,GB67PEKX13552157043315,3,685.3
10211,2024-08-08,350,7511,1,GB22ZDXA06762676586179,3,359
10212,2025-01-08,617,8486,2,GB95YVHF71040541152621,5,256
10213,2024-11-29,373,4630,4,GB88CKTT70629620153368,5,573
10214,2025-02-05,1,8606,16,GB58XRIV44310698720506,1,1200
10215,2024-06-04,132,6119,24,GB86JVUT73103241714677,4,202
10216,2025-04-13,733,7566,15,GB08VICU86256527047743,4,444
10217,2025-03-22,489,8770,20,GB87ISBE11586938068687,4,494
10218,2024-12-09,1,8381,33,GB35HPJC60898992172233,2,1200
10219,2024-06-19,384,8770,10,GB68BNCV63294511686854,3,455
10220,2024-11-18,266,2501,13,GB49OAZW99861622999119,4,334
10221,2025-02-27,733,8606,5,GB30DZJR56467997024629,4,444
10222,2024-12-23,646,7797,5,GB76VWMB65307450544471,3,301
10223,2025-04-03,373,6977,12,GB92HEJX75469137367850,3,573
10224,2024-11-17,617,8560,38,GB47ZFCJ86289023303070,2,256
10225,2025-04-22,703,8438,34,GB26LWGI57861035797279,2,736
10226,2024-12-01,792,1018,7,GB12LLFI14060293333468,3,295
10227,2024-05-08,646,2501,16,GB79YYVA72290349446657,5,301
10228,2024-08-06,833,8438,4,GB37GOJV89691085899441,3,370
10229,2024-11-04,132,2612,8,GB33CKIU54443283096520,3,202
10230,2025-01-10,1,8770,9,GB04PJIN66099353875842,2,1200
10231,2025-03-23,617,1841,32,GB04VRFJ17248251353465,5,256
10232,2024-09-22,833,8770,9,GB66ISJO17099917381684,4,370
10233,2024-10-08,64,7626,15,GB55BEEG56972521752500,5,1400
10234,2024-10-23,833,7511,8,GB79IGYY29271296666760,4,370
10235,2024-05-15,703,8245,6,GB47RGXL05830033542168,3,615.65
10236,2024-12-15,847,8438,4,GB33JFCB44789856257532,4,405
10237,2025-04-18,847,8381,33,GB23ZMAH32309821506489,1,405
10238,2024-05-19,754,7594,35,GB53TBVD00167618472304,3,301
10239,2024-10-11,32,8560,8,GB12VDVQ49926189141173,5,600
10240,2024-12-23,444,9850,10,GB81GYIQ35642087375300,5,244
10241,2025-01-16,132,7566,2,GB10CDSV72181143744701,4,202
10242,2025-03-12,467,6295,12,GB26FBJL56110022557941,3,476
10243,2024-09-22,171,4886,9,GB21KFDM67467621202169,5,496
10244,2024-11-04,396,1841,32,GB93ZSVO29659027716701,1,596
10245,2024-08-10,792,1710,12,GB23UKAW89935889163756,3,295
10246,2024-06-27,266,8381,33,GB53RTBA28772175354083,2,334
10247,2024-11-30,350,7797,1,GB85UMMH17797177517016,2,359
10248,2024-10-08,1,4886,7,GB46BRRA19948837550375,5,1200
10249,2024-12-04,847,4912,10,GB51YTTP57113055488510,2,405
10250,2025-04-14,833,8770,2,GB42FPEW61493316373516,4,370
10251,2024-05-19,32,5831,14,GB09UVSD77982708086978,3,600
10252,2025-02-28,489,2501,15,GB19FWSF21699586693465,4,494
10253,2024-08-23,64,7797,2,GB43OZEE69848583339452,2,1400
10254,2025-01-31,617,3248,9,GB37UFQR51587996846081,1,256
10255,2024-05-10,14,8245,6,GB80MEBV03424420438057,5,800
10256,2024-06-09,646,3248,1,GB22TVXR38638406665800,3,301
10257,2025-02-13,467,8438,4,GB26IGTY73598933472122,3,476
10258,2025-02-10,373,3344,6,GB76QDMB64842294057202,5,573
10259,2025-04-26,733,7511,4,GB69KTBY94798515832818,1,444
10260,2024-07-01,396,1841,32,GB08NRRM15335554398780,3,596
10261,2024-06-14,396,1042,39,GB87VLOH99305616484085,1,596
10262,2024-11-16,132,5831,5,GB91ZQOP04358112880133,5,202
10263,2025-04-01,1,7566,4,GB33VNDG86120750110248,5,1200
10264,2024-05-28,14,7566,20,GB26SHIN67665061809190,4,800
10265,2025-01-28,180,1710,17,GB55CLQD44914766072832,3,462
10266,2025-02-15,350,2501,5,GB51MZZR42450882100996,4,359
10267,2024-11-25,32,7511,16,GB90RCJG53682223943129,4,600
10268,2025-03-27,703,8486,6,GB38BYRO81414139755231,2,736
10269,2024-08-19,703,4886,4,GB06TCGK77594929955620,3,736
10270,2024-08-30,266,3344,3,GB66HZHW64525777547812,1,334
10271,2025-01-06,467,8381,3,GB41TCIE83411080996930,3,476
10272,2024-12-01,703,8438,34,GB33IRRP25639427881658,5,736
10273,2024-05-05,1,5831,3,GB58VHZT28272299275037,4,1200
10274,2024-07-30,444,1841,32,GB63CILH03856770051844,5,244
10275,2024-12-11,877,9850,7,GB49RSFM65918463865577,4,565
10276,2025-04-10,14,1018,7,GB66TAQE72318432225913,5,800
10277,2024-10-09,754,6295,14,GB74ZKXD77739260302992,4,285.62
10278,2024-06-22,373,7511,3,GB03UQBS20242869904137,1,573
10279,2024-12-22,489,9850,19,GB28PPFH69292984257991,2,494
10280,2024-07-29,833,7797,2,GB42MMED03886291279908,5,335.22
10281,2024-11-12,444,8381,3,GB15YDCP29806865086376,1,244
10282,2024-09-14,467,8438,4,GB74SZXY91624731498643,4,476
10283,2024-05-03,373,4912,40,GB09WXZA98180635651269,3,573
10284,2024-08-07,444,3248,19,GB94IRNS59463688725887,4,244
10285,2024-08-07,132,6977,10,GB29JSLY62137213865890,2,202
10286,2024-07-02,384,1018,37,GB75MUAZ12796114351906,5,455
10287,2025-04-27,646,4630,28,GB79MTUQ49027703843098,1,301
10288,2024-11-17,617,7566,23,GB60WHTF05302146566938,3,256
10289,2024-05-06,180,1042,39,GB10XWCC84895543937690,3,462
10290,2024-08-10,646,4912,10,GB52FNQD81845184894769,5,301
10291,2024-11-04,266,7511,8,GB11YHYK77907141633565,4,334
10292,2024-11-17,733,7511,11,GB16RAWI34165182755394,3,444
10293,2024-07-10,733,7566,8,GB09XVGP33343333952111,4,444
10294,2025-01-18,467,6295,13,GB05VPTA80759579472846,2,476
10295,2024-07-26,373,8560,8,GB23YSEB86780856271875,4,573
10296,2025-01-23,132,7626,9,GB61AAVG69155942843479,1,202
10297,2024-09-11,703,6119,9,GB80LFPN36556472929314,4,736
10298,2025-03-09,384,5831,15,GB41HRNM32270267288574,4,455
10299,2024-08-06,14,7594,35,GB43RSBM12034717545588,5,903.58
10300,2025-04-27,703,7626,14,GB36ZILA61593998245587,4,736
10301,2025-02-25,64,8606,12,GB29XOCM94722569961125,1,1400
10302,2024-07-28,646,7594,35,GB60KKUJ49647598762202,2,301
10303,2025-02-07,32,7511,14,GB02HVIX13261117800681,3,600
10304,2024-06-10,396,8770,12,GB78ITEC64334722820055,1,596
10305,2025-04-01,703,7626,20,GB06PORI87282997968845,4,736
10306,2024-11-04,703,1710,3,GB10RHZC74564240082547,5,736
10307,2024-11-24,14,9850,3,GB30AWPY74064930853686,2,800
10308,2024-10-01,489,5831,20,GB08HFWX66341638944846,2,494
10309,2024-07-13,646,8381,3,GB60CFEJ17974973502080,1,301
10310,2024-07-12,489,8770,9,GB16DJIE70312073564757,4,494
10311,2025-01-26,350,8770,9,GB69ZBKC20461872346013,1,359
10312,2024-09-27,14,8486,5,GB93YOHX03718376452088,3,954.42
10313,2024-06-17,877,2612,4,GB05IPUJ35031365024916,2,565
10314,2025-03-03,132,8606,1,GB86HABS79251327195005,5,202
10315,2025-01-06,266,7947,10,GB79EWRZ12735857306524,2,334
10316,2025-04-15,350,8381,33,GB73BPWO84873928557498,4,359
10317,2024-07-02,396,5831,1,GB95CQEO44857086209593,4,596
10318,2024-09-02,171,7594,5,GB48XCVR63878294565118,4,496
10319,2025-01-11,489,1042,39,GB41CBEF03173109678994,3,530.76
10320,2024-05-20,266,3939,31,GB70LHTW10371705865094,3,334
10321,2024-11-22,266,7797,6,GB04BXCJ13811386338392,1,334
10322,2024-12-03,467,2612,4,GB24XRNX19576122868528,3,476
10323,2024-12-19,489,4886,9,GB56OLKR55665939836845,4,494
10324,2024-10-23,833,1018,7,GB40OMAX04908240433504,4,370
10325,2025-04-22,64,8560,38,GB43RQRS92107522459334,5,1400
10326,2025-03-11,877,2501,17,GB35JCSM93157279194096,3,565
10327,2024-05-31,1,3248,13,GB25YBYK56613906048058,3,1200
10328,2024-12-06,1,2501,19,GB31EKQW32067998136462,5,965.74
10329,2024-06-21,646,7511,15,GB13KCPS08641686227837,2,301
10330,2024-10-01,396,7947,8,GB89USGR98331465911665,2,596
10331,2024-09-13,489,1018,37,GB88GKLT04259792703352,3,494
10332,2025-02-19,266,7566,12,GB51XCDX03924051477053,1,334
10333,2025-02-12,489,1710,15,GB28RGGR84879206980420,3,494
10334,2024-08-19,467,1841,2,GB07GZWT40701645104636,3,476
10335,2024-11-14,646,7594,5,GB12WDKP98123878003845,3,301
10336,2024-11-07,703,6119,20,GB97MXFA55543840460843,2,736
10337,2024-06-28,792,7594,35,GB97KMVE16893639264957,3,295
10338,2024-11-27,180,8606,10,GB52EGUE98324826292518,2,462
10339,2024-11-23,617,6295,27,GB20XDFK20566474231220,3,256
10340,2025-02-21,646,7626,5,GB67TTIT99393305172897,1,301
10341,2025-02-01,467,8381,33,GB28ULFM77223306046333,2,476
10342,2024-05-26,266,6119,1,GB71FOTP57366096569998,5,334
10343,2024-11-20,877,8381,3,GB61UWZB81770388608680,1,565
10344,2024-07-13,617,7797,15,GB46JOMJ47264908277181,4,256
10345,2024-07-09,877,5831,20,GB72YSWR26657027937145,5,565
10346,2025-01-24,384,3248,22,GB76UWZF11175186892686,1,411.35
10347,2024-05-18,266,8560,38,GB94YFKS22220644742123,1,334
10348,2024-05-02,396,4630,7,GB74TYIA77780973397767,3,596
10349,2024-05-31,396,8560,38,GB95TTAH84983022050209,4,596
10350,2025-03-22,373,4912,10,GB83TJKC01622499982795,1,573
10351,2025-04-27,754,1841,32,GB29BCYJ55616814721458,3,301
10352,2024-10-08,847,8438,4,GB57QGWG90198179469548,2,405
10353,2024-12-10,733,7594,35,GB83TLET97877293430107,4,444
10354,2024-12-29,877,5831,11,GB95ZDXG96605583034414,4,565
10355,2024-08-25,171,6119,23,GB11QRKY01556990235577,4,496
10356,2025-03-06,489,8438,4,GB82BUEP27857608495880,5,494
10357,2024-07-20,444,1042,9,GB94SVKZ51240568299629,3,244
10358,2024-06-15,792,6977,10,GB31ZYJW50461735743842,2,295
10359,2024-06-13,877,8438,34,GB25LZBY31780782357845,5,565
10360,2024-06-25,489,2612,11,GB28YDQV23076810409157,4,494
10361,2025-04-11,617,1018,7,GB43BDQY40943533448571,4,256
10362,2024-08-14,32,5831,3,GB60EFID09881385854249,5,600
10363,2024-08-04,1,1841,32,GB13FCJT58702070160166,2,1200
10364,2024-07-09,754,7947,8,GB80WTSU79545381792171,2,301
10365,2024-10-24,32,3248,5,GB84JVUW77332945625577,2,600
10366,2024-05-12,171,1018,37,GB21CPDL77245992816158,3,496
10367,2025-01-08,754,7947,5,GB73CZJR76963938276153,1,301
10368,2025-03-13,617,7626,9,GB94WSNZ69583219719975,2,256
10369,2024-12-02,733,1042,39,GB06DOFJ61919657013290,1,444
10370,2025-02-19,266,7626,10,GB02EVEO84699733549465,2,327.61
10371,2024-06-04,1,2612,9,GB83SATQ62405800851403,5,979.36
10372,2024-10-15,703,3939,31,GB63WSMU56666832723865,3,736
10373,2025-03-23,14,7594,35,GB37NEJV22010276212679,5,800
10374,2025-04-27,64,6119,15,GB26NTFO86876532690973,4,1400
10375,2025-02-01,467,7566,8,GB83QINR95009751971284,5,476
10376,2024-10-28,171,8438,34,GB11QCQT13718949058077,5,496
10377,2024-11-16,132,9850,7,GB88PSXK65442094940792,5,202
10378,2024-12-09,833,6977,6,GB82BVJZ90471281442944,1,370
10379,2025-03-30,847,7626,20,GB37IAXD92927524372805,4,405
10380,2024-06-02,266,8438,34,GB23ETEP66372395041027,4,334
10381,2024-10-02,32,4630,18,GB36PJPX83667428604765,3,600
10382,2024-11-22,396,7594,35,GB43VBDR56945441496739,2,596
10383,2025-02-24,617,9850,19,GB71GQKV25800106181753,5,256
10384,2025-02-06,373,8486,1,GB81JIGB09109391119269,5,573
10385,2025-03-08,180,4912,40,GB52FDWF44717465421406,5,462
10386,2024-09-28,396,4886,14,GB40KBII27173962712863,1,596
10387,2024-12-25,489,1710,21,GB49UDOW41011947072006,2,494
10388,2024-08-12,444,6977,5,GB39EWKM90877661830671,4,244
10389,2024-12-07,703,3248,17,GB62RLKV46015851743280,4,736
10390,2024-09-27,444,6119,14,GB40VGJW61571732030937,3,244
10391,2024-09-28,444,8486,1,GB46CZRU47870050506138,3,244
10392,2024-10-26,754,5831,13,GB13VREX93102707903202,1,301
10393,2025-01-01,32,3248,15,GB45BJZD79291117993136,1,600
10394,2024-09-09,444,8438,4,GB41ZXVM51982530925114,2,244
10395,2024-06-24,733,1841,32,GB44YNFW58273902196207,5,444
10396,2024-06-01,733,8486,6,GB70AAFC94672324876329,4,444
10397,2025-01-24,877,7626,9,GB15BTFW79145608331819,1,565
10398,2024-09-18,833,9850,11,GB08YRQH73403127722005,3,370
10399,2024-08-19,64,2501,10,GB44GNIK97010822078113,2,1400
10400,2025-02-05,754,5831,16,GB84OSSK63531531363631,2,301
10401,2024-10-30,64,2612,7,GB91SPBN23972652735435,3,1400
10402,2024-06-19,64,7566,8,GB98BWSB42177625349292,5,1400
10403,2024-12-11,132,7947,8,GB30RHCN87397740633569,5,202
10404,2024-07-26,396,9850,2,GB02SESA60078068671773,1,596
10405,2024-06-02,396,6295,12,GB67RYAW63254310742799,1,596
10406,2024-05-10,350,1042,9,GB80OOYE62570165804649,3,359
10407,2024-11-27,877,3939,31,GB16SZGZ19508501657905,2,565
10408,2024-09-20,171,5831,7,GB68FURW18325381793355,1,496
10409,2025-04-14,754,6119,13,GB93IQVN40155778817884,1,301
10410,2024-10-23,646,8606,12,GB94TLZV13711624112412,4,301
10411,2024-11-09,444,6977,9,GB25EGQU04682756704310,2,202.49
10412,2025-04-04,877,4912,40,GB45ZHQU56955798877492,5,565
10413,2025-04-14,396,8381,3,GB21ZJFZ43754025472928,2,596
10414,2024-08-19,350,7566,17,GB90FFWW22310592745238,1,359
10415,2025-01-30,266,8381,3,GB47BVKL25782841067275,4,334
10416,2024-06-30,266,4886,9,GB80AXRQ54749297517028,5,334
10417,2024-06-15,467,4886,7,GB81JAMT37515093983430,2,476
10418,2024-06-02,180,8438,34,GB46ROVV18637599805626,4,462
10419,2024-09-21,64,4912,10,GB89MLAJ55478137674266,4,1400
10420,2024-06-24,180,5831,11,GB03STCE34785196106462,1,462
10421,2024-12-02,132,3344,1,GB70OWSY23264870494787,1,202
10422,2024-07-27,1,1018,7,GB39AZAE44714627301471,2,1200
10423,2024-12-19,754,7566,18,GB37XLSP96471589042902,3,301
10424,2024-09-02,703,8438,4,GB47OWEL20456504481832,4,736
10425,2025-02-21,646,4886,9,GB68DTYF85544518952028,2,301
10426,2024-08-18,384,7797,9,GB11LYPN52132833898881,5,455
10427,2024-10-10,733,3248,17,GB02OCDE07545279852401,1,444
10428,2024-07-26,384,7626,26,GB11EWEW34232161107603,4,455
10429,2024-06-11,1,6977,3,GB77BZVQ90714014011939,3,1200
10430,2025-04-15,171,4886,2,GB67GFVL01249552893891,4,496
10431,2024-06-08,373,1710,16,GB52SYAQ33428013875927,3,573
10432,2025-01-17,64,3344,13,GB75DFLM63836151718275,3,1400
10433,2025-01-29,350,7947,23,GB32JRXB15716479473864,4,359
10434,2025-03-29,373,6295,26,GB77NGCZ75207167811266,1,573
10435,2025-01-25,444,7626,23,GB94SDXF15353961367499,2,244
10436,2024-08-15,444,2501,4,GB69YZZU65796784271147,5,244
10437,2024-11-10,32,3344,12,GB20HUEA10170269524991,3,600
10438,2025-02-20,132,8486,6,GB85CVYQ77347784858800,1,202
10439,2024-10-15,180,1710,17,GB93DMOK67700284276246,5,477.21
10440,2024-11-06,180,1018,37,GB08YDSV78897782806479,3,462
10441,2024-09-24,646,3248,22,GB62TVLY45009025590561,2,301
10442,2024-10-14,64,7594,5,GB83LLNL03334911415208,2,1400
10443,2024-09-04,350,9850,16,GB87BOVN98640790569659,1,359
10444,2024-06-07,350,7566,6,GB20ZPDW35785294563718,4,359
10445,2024-07-23,171,7566,4,GB50JIBJ96391919541987,4,496
10446,2024-10-13,266,6295,11,GB45GLZC48468536649878,5,334
10447,2024-07-10,703,7626,1,GB12AUWQ29737489690835,2,736
10448,2024-10-27,467,8381,33,GB12EHEX46651364424936,4,476
10449,2024-08-01,489,4912,10,GB85DEGA34778660324204,5,494
10450,2025-03-03,14,2612,4,GB27ZIVR20700159416516,1,800
10451,2025-03-23,833,6977,8,GB57XEHD98189847139155,1,370
10452,2025-03-20,14,2612,2,GB86SXMZ36321234764907,1,800
10453,2024-11-24,489,7626,13,GB62LWDK86734257540900,5,494
10454,2025-01-24,396,8606,3,GB35ZVHI86451837606441,4,596
10455,2025-04-29,171,7797,13,GB22YHJG27560417765612,4,496
10456,2025-01-27,171,1710,14,GB65IQCL69857002720634,3,496
10457,2024-08-30,396,7511,5,GB33SCDF38296577242954,2,596
10458,2024-07-17,14,6977,1,GB66CNLF66930089317342,3,800
10459,2024-05-20,373,8381,3,GB48MTNT42152910867713,2,573
10460,2025-02-02,14,8560,38,GB26GGZI47626393436262,4,800
10461,2024-05-12,180,8606,6,GB28JIHT73597107256366,2,462
10462,2025-02-10,877,2612,10,GB31TICD80053759900489,4,565
10463,2024-09-25,444,7566,6,GB13JMVL28092428757215,5,244
10464,2025-01-31,14,7947,21,GB21QNEI15027456449485,1,800
10465,2024-10-17,703,8438,4,GB71FKXP28703203207427,4,736
10466,2024-10-17,833,1042,9,GB46DPBO58777121513422,2,370
10467,2025-02-16,703,8381,3,GB73QISV93908926137150,2,736
10468,2024-08-19,877,4912,40,GB76VVDM59152017774905,2,565
10469,2024-05-18,396,8770,17,GB52UTOK92304501896164,3,596
10470,2024-07-09,733,3344,4,GB78HYMC03266421476492,2,444
10471,2024-09-17,266,8770,9,GB54VDLQ37767499616592,1,334
10472,2024-10-16,489,5831,2,GB40UNCB85732788147617,5,494
10473,2024-08-25,877,3939,31,GB44EEVJ38649081081866,3,565
10474,2024-06-06,350,1018,7,GB63OVXS45491801722601,4,359
10475,2024-10-09,792,8560,38,GB62WJKS77945232194168,2,295
10476,2024-05-07,32,4912,10,GB70AMDA27769749956412,5,600
10477,2024-06-22,733,3248,5,GB51AGDA30372368314727,1,444
10478,2024-10-11,266,8486,1,GB19ADFE77707933496050,2,334
10479,2024-06-09,396,3344,10,GB07UWNN79984076789973,2,596
10480,2025-02-02,350,3248,21,GB78BQAN95814671795760,2,359
10481,2024-07-02,646,6977,14,GB46JXGP57383959724665,4,301
10482,2025-03-06,877,5831,6,GB88PZFT34172232971674,4,565
10483,2024-07-31,396,4912,10,GB44GRBA54522801561931,2,596
10484,2024-12-05,733,8560,8,GB82HPIK50842891077119,4,444
10485,2024-12-23,792,2612,12,GB80ZDRB81213524787125,4,295
10486,2024-09-07,467,7566,12,GB40EDGO60375482145653,4,476
10487,2024-06-28,180,8606,6,GB26YYQN32666785072081,2,462
10488,2024-06-02,792,7947,12,GB94KKMY26060290846684,2,295
10489,2025-02-05,617,1841,32,GB02XKLA48926738997563,3,256
10490,2025-04-08,733,6295,28,GB50JCBR56288431884852,5,444
10491,2024-05-10,64,4912,10,GB09AZRS43468105485101,2,1400
10492,2024-10-22,617,6977,7,GB75JSXA75399893544926,2,256
10493,2024-11-18,444,8381,33,GB43XHDK89357126611062,4,244
10494,2024-11-01,877,6295,7,GB85GOCL86988649767762,4,565
10495,2024-06-26,14,3344,5,GB14QEPW72881377028519,3,800
10496,2025-03-28,132,3344,2,GB85NDDL94082154544702,3,202
10497,2024-06-25,132,3939,1,GB03ZSNB44327018510679,1,202
10498,2024-08-29,373,1710,5,GB39SOKZ67922877725199,2,573
10499,2024-10-07,754,1841,2,GB48MHMK80741209481813,4,289.49
10500,2024-12-27,373,3248,25,GB43RSYB98378018204339,4,573
10501,2024-10-20,467,9850,4,GB08CZRT56907056260856,1,476
10502,2024-08-08,1,1042,9,GB45CDDR24224124620952,2,1200
10503,2024-05-11,733,6119,1,GB68WBJM15265461033993,5,444
10504,2024-11-08,444,8438,34,GB14QYQM14057861706304,2,244
10505,2024-12-02,833,8438,34,GB66SVDH82496718325823,2,370
10506,2024-11-25,444,1710,3,GB52NROB07942007494653,4,244
10507,2024-12-14,32,8438,4,GB20QJBF89141612846398,5,600
10508,2025-03-08,733,3939,31,GB19KVKU47435537950209,5,444
10509,2024-11-02,132,8770,7,GB20AAVF68768118071569,3,202
10510,2024-09-17,444,3939,1,GB26MFYZ01753703045319,3,244
10511,2024-12-29,132,2501,16,GB38JZWH37504793036149,2,202
10512,2024-11-11,266,5831,8,GB57PFRG99921921249384,5,334
10513,2024-07-14,877,8381,3,GB69VAWV89487060566418,5,584.14
10514,2024-10-29,180,7947,25,GB97PLQY03046875063519,5,462
10515,2025-03-10,1,3344,5,GB13AXHW61332541107609,1,1200
10516,2025-03-06,489,3344,8,GB86UKIH17350583199717,3,494
10517,2024-12-11,646,3939,31,GB52DCBB65120704961108,1,301
10518,2024-05-21,877,8560,8,GB05JMMD96399076769915,5,565
10519,2025-01-08,646,7566,5,GB52VZAO85931109193928,2,301
10520,2024-08-08,14,2612,6,GB18LNPX97232002496854,3,800
10521,2024-12-13,489,8245,36,GB31RYEE74954508920388,4,533.66
10522,2025-03-30,489,8245,6,GB32BNLG33153779599594,1,494
10523,2024-10-10,373,7566,11,GB58KFDO07303379337563,1,573
10524,2024-10-03,833,1018,37,GB75FALA15081247395003,2,370
10525,2024-07-16,14,8486,5,GB62JFHI25832302410261,5,800
10526,2024-09-09,384,3248,12,GB30GJOH55289611223386,4,455
10527,2025-01-25,617,1841,2,GB10LKTN30993842530428,3,290.4
10528,2024-12-13,877,7626,13,GB48PGXC79128685787255,3,565
10529,2024-11-21,617,8438,4,GB88WPWP74969033373634,4,256
10530,2024-10-13,384,6119,14,GB61MSFL48121478539078,4,455
10531,2024-12-28,703,8245,6,GB13KNOO66575460273415,4,736
10532,2025-04-16,877,6295,11,GB81CJQQ81431115083535,3,565
10533,2024-08-06,32,6119,9,GB38JXYV43928404456690,1,600
10534,2024-10-31,444,9850,20,GB76UQYE63337389877515,5,244
10535,2025-03-25,833,8486,8,GB15GNYW63778052924075,1,370
10536,2024-09-09,703,5831,9,GB05HNNV68459090225999,3,736
10537,2024-12-09,467,9850,7,GB06MMGM18637159741218,2,476
10538,2024-07-08,373,6977,10,GB17BWTP02316433481705,4,573
10539,2024-11-18,14,6119,23,GB92AFKN62128671632346,5,800
10540,2025-03-14,444,1042,9,GB04WVPF99493874302716,1,244
10541,2024-12-21,266,1710,20,GB57ZHQK97779014754692,3,334
10542,2024-10-09,180,7947,14,GB42HFTX67629160324841,1,462
10543,2025-01-27,754,7626,6,GB89XXGP68151185672438,4,301
10544,2024-05-18,14,7594,5,GB87OACU76563600412577,2,800
10545,2024-10-27,489,2612,12,GB29CCRV37274220912418,4,494
10546,2025-02-12,171,1841,2,GB39MFCV04275230837081,2,496
10547,2024-09-29,266,6977,4,GB36WJOB90063353310600,3,334
10548,2024-09-08,467,7566,7,GB55GVVC31220681558393,5,476
10549,2025-04-28,754,8606,9,GB27RMND33155206506373,4,340.3
10550,2024-05-26,703,1710,3,GB31VIUT50136497189241,2,736
10551,2024-12-19,64,3939,1,GB71KUWM25257150997683,4,1400
10552,2024-11-12,180,3344,12,GB60SWAH09143639102574,1,462
10553,2024-07-18,617,7566,18,GB31EMGU03975245086403,4,256
10554,2025-03-25,792,9850,16,GB61XKKH38033968527017,4,295
10555,2024-05-28,792,8438,4,GB15GBUE32129833816742,1,295
10556,2025-02-05,467,8245,36,GB82GHNF93449734715662,1,476
10557,2024-10-30,266,7626,9,GB71ONQT62706614982824,3,334
10558,2024-09-25,373,8381,3,GB38OJOJ68971527323008,5,573
10559,2025-02-08,833,4630,24,GB42XLPM66567491601692,2,370
10560,2024-07-15,373,8770,17,GB95YNIY58750663370502,3,573
10561,2024-08-10,180,8560,38,GB07TOVE43992011669183,2,462
10562,2025-04-06,754,8560,38,GB93NFNI48869461195243,1,301
10563,2025-04-27,877,7797,16,GB37XMWJ02701168646225,3,565
10564,2024-07-12,467,7947,22,GB89WEGP28179323023467,2,476
10565,2024-12-30,396,4630,6,GB18TDUF14161415093771,1,596
10566,2024-05-04,833,3344,6,GB14BIYA90138069847759,5,370
10567,2024-10-14,444,7566,12,GB92KLVK53566905510762,5,244
10568,2024-05-10,32,7594,35,GB80TDQI35797863050505,1,600
10569,2025-01-19,467,6977,12,GB08OHTP69156716493289,3,476
10570,2025-03-01,754,4630,24,GB83WQBE71487271783332,5,301
10571,2025-02-17,350,7566,21,GB12VWCD60256434712871,4,359
10572,2025-03-05,180,6295,23,GB19WKHS91566863341411,1,462
10573,2024-06-04,180,7594,35,GB29KXSG19525690409836,2,462
10574,2024-10-12,350,8486,1,GB56KYLZ28993160875243,3,359
10575,2024-11-11,180,4630,12,GB42VOET42095481497374,1,462
10576,2025-01-29,617,1018,37,GB05MBZK23302764208656,3,256
10577,2025-01-19,754,1710,17,GB69PLYM61844386125904,5,301
10578,2024-10-25,733,8381,3,GB06UFSE77423330591266,2,444
10579,2025-01-19,171,2501,2,GB29FBDL72018596263013,2,496
10580,2024-10-02,266,9850,10,GB64PJWT26176475011117,3,334
10581,2025-01-05,171,1841,32,GB69VQHA99974192676492,1,496
10582,2024-06-08,14,1710,21,GB09KCWZ82606888718981,3,800
10583,2025-02-17,489,1018,37,GB43YGVD29208751029321,4,494
10584,2024-12-05,396,1710,16,GB05IYBC18458260340848,4,586.95
10585,2024-10-20,489,7797,1,GB82ESPW58598831030324,3,494
10586,2025-03-29,847,8560,38,GB76GETR39542961844626,3,405
10587,2024-10-25,467,8381,3,GB09CIVN28314359892625,2,476
10588,2025-03-02,467,4886,11,GB05NMAT31418186151554,4,476
10589,2024-06-26,792,8486,7,GB83ZHIA16361128497185,2,295
10590,2025-01-28,703,7626,17,GB17SJRI91025625889679,3,736
10591,2024-06-19,384,7594,35,GB23IAVQ22269405396727,5,455
10592,2024-09-15,733,8438,4,GB48ZOQJ46834146511131,2,444
10593,2024-07-04,467,8438,34,GB20SBCX48706827788160,4,476
10594,2024-12-26,132,7594,35,GB81GXAW68538909728321,1,202
10595,2024-09-20,833,3344,3,GB36EQLB67625153814474,4,370
10596,2024-08-11,132,7626,24,GB87GAXU96348079705097,3,202
10597,2024-09-05,171,6119,21,GB27JLDA52650167318826,2,496
10598,2024-06-18,350,7511,12,GB05PAEY43765456284177,4,359
10599,2024-07-02,847,4630,6,GB15ELXN05313402665023,4,405
10600,2024-11-03,1,8381,3,GB10VIDN78725686211022,5,1200
10601,2024-09-11,467,8560,38,GB94QAYV30569067447163,5,503.55
10602,2024-12-26,877,1841,32,GB53EXQF34143637189239,3,565
10603,2024-12-31,847,9850,3,GB08UEHD26043260931066,3,405
10604,2024-11-20,733,3939,31,GB77JWUH35670860414545,4,444
10605,2025-02-01,754,4630,10,GB90NHKB20005347491624,3,301
10606,2024-11-07,384,2612,5,GB09LKJD10825559895343,4,455
10607,2024-12-13,14,2501,9,GB59MCDE91093371189547,2,800
10608,2025-02-20,877,7797,4,GB69GRXE02368485571617,1,565
10609,2024-10-10,384,8606,16,GB64QQZA29424090367881,5,455
10610,2024-07-04,617,3248,6,GB69OYQM86694320293908,5,256
10611,2024-10-24,64,7594,5,GB92QWXQ44344812308340,4,1400
10612,2025-01-04,877,7947,10,GB21EIEI03381059551842,5,565
10613,2024-10-06,877,7566,1,GB53TJKB05342408916498,2,565
10614,2024-07-20,396,8606,6,GB50OHKI39627365271727,5,596
10615,2024-07-11,14,1841,32,GB09FGSP24042269312163,2,800
10616,2024-10-24,373,8486,3,GB38UMDX82091660100231,5,573
10617,2024-08-12,467,7594,5,GB33EUTA01851327972457,5,476
10618,2024-06-30,754,8486,5,GB22HBRW48100184186203,3,301
10619,2024-05-10,350,3344,3,GB55HNME54361721314519,3,359
10620,2024-09-07,171,8486,2,GB74DLCB92268592624945,5,496
10621,2025-04-05,733,7511,4,GB15DIPV54102252677119,3,360.72
10622,2024-10-14,847,3248,4,GB39XIEC52265576769523,3,405
10623,2024-09-26,703,5831,18,GB03NRPR87883619689313,4,736
10624,2024-09-18,171,4912,10,GB77AGAL87210552472863,5,496
10625,2024-07-21,847,1042,39,GB30HBXE12606501917920,5,405
10626,2024-06-27,132,6119,11,GB32LECH10962272847657,5,224.62
10627,2025-02-28,847,8245,6,GB07UWAJ12009282066784,5,405
10628,2025-04-22,384,7594,35,GB61SQJW36241862369036,1,455
10629,2024-07-11,171,8770,11,GB23XRTC77566205634111,2,496
10630,2024-09-18,1,6977,9,GB62TYKA34281139043830,4,1200
10631,2024-08-02,754,4886,6,GB85ICSS09700514054683,4,301
10632,2024-08-31,180,7566,8,GB84YMXL21568182096790,4,462
10633,2024-08-21,646,6119,7,GB86FEVO11332288985725,2,301
10634,2024-08-21,180,1018,7,GB53LTNB63399129710248,3,462
10635,2025-04-02,266,7511,11,GB11ZZCP17524214955112,4,334
10636,2025-01-31,703,8245,6,GB79YOIP47219705466927,5,746.58
10637,2024-09-20,703,7797,1,GB19QTKL16874090380214,3,736
10638,2024-09-23,396,7511,10,GB91FSMC36715778711216,2,596
10639,2025-02-23,617,7797,7,GB82NGMK15597371470827,2,256
10640,2024-06-26,833,7566,25,GB38UGKS09605673030644,2,370
10641,2025-01-02,373,8770,7,GB84FCEC46147683420165,3,573
10642,2025-02-17,847,2612,6,GB37JFGL67782659608931,3,405
10643,2025-02-05,833,8438,34,GB74VSTE55027275164807,5,370
10644,2025-03-20,384,4630,29,GB48EUOU91033682963533,3,455
10645,2025-01-19,754,4912,10,GB27SALL04481776655868,3,301
10646,2025-02-22,373,8381,3,GB56KDFO65289286646491,4,573
10647,2024-06-04,489,1042,39,GB73ZDCU09617981789046,2,494
10648,2024-07-22,792,3248,23,GB02HYOR61371576605384,3,295
10649,2024-08-12,733,8770,19,GB34VIJZ63060002589552,2,444
10650,2024-12-09,64,9850,13,GB37NHRM39609626265826,2,1400
10651,2024-07-29,132,1841,32,GB22DWZE81964825311060,2,202
10652,2024-12-31,489,8560,8,GB95YSEA98196027523343,1,494
10653,2024-11-24,444,8486,6,GB07HXYZ64041209117911,1,244
10654,2024-06-25,266,7566,19,GB28JIFC17536170617136,1,334
10655,2024-09-23,733,6295,14,GB34KUOZ22402990155799,4,444
10656,2024-11-29,489,6295,27,GB53AFQX41390808823513,4,494
10657,2024-05-12,489,1018,7,GB50KEHC24473158477686,3,494
10658,2025-04-24,833,1710,3,GB64GIFG46199423767694,1,370
10659,2025-03-13,489,2501,14,GB90KTDT66395517208496,5,494
10660,2024-08-22,646,6119,12,GB63TUQL60125625313552,2,273.54
10661,2025-02-27,444,4630,29,GB78KDAK05379538164938,1,244
10662,2024-07-24,384,7947,17,GB17DRIW91966553307704,2,455
10663,2024-10-11,646,7626,16,GB51DDOF95963904090742,1,301
10664,2025-03-23,1,4912,10,GB59MBRQ05017164455618,5,1200
10665,2025-02-25,64,6295,27,GB30KPTB64771591030021,3,1400
10666,2024-09-03,467,1710,4,GB55WXNH21358004010414,5,476
10667,2024-09-05,847,4630,19,GB98WTZZ64229712529671,5,405
10668,2024-11-19,467,1042,9,GB23QHSP74573144158331,1,476
10669,2024-05-30,703,8245,6,GB14PBGA37637153988547,3,736
10670,2025-01-10,373,8245,36,GB90EQDE35679836314624,3,573
10671,2025-04-03,833,2501,6,GB28SUDE71130724078754,2,370
10672,2024-06-15,396,7626,11,GB16RCLN32686850745106,4,596
10673,2025-02-09,180,8486,8,GB76NGJG62948978610313,4,462
10674,2024-06-14,266,8438,34,GB90BBSI31814396661347,2,334
10675,2024-07-19,847,8486,11,GB14FZGL49401289743251,1,405
10676,2024-07-04,617,3344,4,GB57FKOE07650241209579,4,256
10677,2024-05-01,617,8486,1,GB53PHPD00943882211457,5,256
10678,2024-11-07,646,2501,12,GB03XLRI74570545897148,3,265.21
10679,2025-02-07,489,2612,8,GB41UAEN32570396531361,1,494
10680,2024-08-15,266,8438,34,GB94UVRO82455696443098,3,334
10681,2025-01-28,350,3344,2,GB33KTDN79541072728498,3,359
10682,2025-01-13,373,8438,4,GB22FJPJ14070349107406,3,573
10683,2024-09-14,396,8560,8,GB38VABI25488214236914,2,596
10684,2024-07-24,847,7594,35,GB54BPLH66614494296592,5,405
10685,2025-01-21,877,4886,6,GB87YGIE68344149782661,4,565
10686,2024-06-23,733,7947,4,GB31QOWK85756766708061,2,444
10687,2025-02-18,266,7566,23,GB52ETJZ39852989406260,1,300.58
10688,2024-10-27,180,6977,14,GB69ZYQO01041591497501,3,462
10689,2025-02-12,32,6295,7,GB64SVQX03828723244079,1,600
10690,2025-01-23,14,3248,9,GB48GDCA29181331708760,5,800
10691,2025-04-25,792,2501,5,GB74DJMP23849791620223,2,295
10692,2024-07-06,350,8486,7,GB02QXWR37744197546617,4,359
10693,2024-10-09,64,5831,15,GB39NEAJ71960940970527,5,1400
10694,2025-04-08,847,8381,33,GB55XOIA25883586812259,4,405
10695,2024-09-09,14,6977,4,GB76OWZE44617679298842,5,800
10696,2025-01-26,444,6977,15,GB81KSSL99610023117753,1,244
10697,2025-02-24,733,6977,1,GB86ZXZH12661094101759,1,444
10698,2025-01-01,384,1042,39,GB58AFKD76298334774332,2,455
10699,2024-10-16,171,8381,3,GB66QZZG19013020569815,4,496
10700,2024-07-11,877,8770,2,GB91VXXU87339785598217,5,565
10701,2024-10-14,14,6295,19,GB70UMCS12841173098503,4,800
10702,2025-03-15,14,4912,40,GB22JIMW51241893898469,2,800
10703,2024-05-22,754,7566,21,GB59RWDS74005643502385,3,301
10704,2025-04-24,384,6977,3,GB23YVBH71990516991872,4,455
10705,2024-08-14,32,5831,9,GB50XBDB78356743000389,2,600
10706,2025-03-31,489,7626,12,GB16MVVX08706626682171,1,494
10707,2025-04-14,350,7797,3,GB09TLLG56033190368900,5,359
10708,2025-04-05,754,6119,24,GB77XHBC02724055934296,1,301
10709,2024-11-02,1,4912,10,GB78VDVC14837537458438,5,1200
10710,2025-04-12,444,7797,4,GB61IKWR81056974132834,2,244
10711,2025-02-13,132,6977,3,GB85RGDL20377107044964,2,202
10712,2025-03-18,617,1018,7,GB73CBIT67066703362680,1,256
10713,2025-01-12,266,4886,5,GB03JBRY50954930596601,1,334
10714,2024-12-01,132,1018,37,GB53MXVJ87699842673204,1,202
10715,2025-03-07,396,1841,2,GB95VICH84596094544901,5,596
10716,2024-08-28,266,8770,20,GB89SVKI27707070578360,2,334
10717,2024-12-12,646,1841,2,GB50CITR51724447232290,4,301
10718,2024-07-30,132,7797,15,GB64DUBF87950830440580,1,202
10719,2024-12-20,754,8606,6,GB89HLDC87181335956164,2,301
10720,2024-06-25,646,2501,18,GB81AKTZ55657490250429,5,301
10721,2024-05-10,396,7566,8,GB92DTGZ58895369026113,2,596
10722,2024-12-06,833,4630,2,GB25QSUR68180978875439,5,370
10723,2024-08-22,132,4886,4,GB95HKHZ53751376515881,3,202
10724,2025-04-21,14,7797,2,GB41LUPT37639283692944,2,800
10725,2024-09-10,489,5831,5,GB85KDCN68297327021648,5,494
10726,2025-02-01,847,1841,2,GB39PXDE06021288665268,4,405
10727,2024-08-02,180,8486,7,GB31WJDK59991015767647,4,462
10728,2025-01-27,754,4912,10,GB23EXFX98120995765728,2,301
10729,2025-02-05,733,7511,3,GB80SIYD34750988986456,2,444
10730,2024-09-01,833,7626,27,GB65YFEB36849951542144,4,370
10731,2024-11-05,14,7797,9,GB08OHFJ49134213882090,4,800
10732,2025-04-11,733,8606,5,GB56RRZG07053496782741,4,444
10733,2025-02-03,132,1042,39,GB40WDON74124151315285,3,202
10734,2024-08-16,489,8381,33,GB49OUXQ15061853800329,3,494
10735,2024-09-24,32,7797,10,GB60HVGI72727423183061,1,600
10736,2024-11-07,617,3344,12,GB04RTGW20649693578243,5,256
10737,2025-04-05,14,7626,10,GB58JVPP69587413146753,2,875.31
10738,2025-01-13,171,6119,6,GB26NDFO51562779630448,2,496
10739,2024-07-23,847,1018,37,GB87ZNBR54566766404735,3,405
10740,2025-01-03,1,1018,37,GB71BJON39283199529800,1,1112.67
10741,2025-03-08,646,7566,9,GB52MCYW55810835832863,2,301
10742,2024-08-21,373,9850,13,GB35ZFLK63830008186702,4,573
10743,2024-08-18,132,7797,6,GB94JAHU30416624111860,3,202
10744,2024-05-06,384,6977,4,GB34XRTE19639456804473,3,455
10745,2024-06-08,833,1042,39,GB62IUSP64613684748836,5,370
10746,2024-05-07,847,6977,3,GB80PXML81739063757914,4,405
10747,2024-09-07,703,6295,3,GB60EZUC18237931269789,3,736
10748,2025-02-20,703,4886,1,GB92HBYP46452059960438,5,736
10749,2025-03-05,132,6119,9,GB58PRPK35778811616202,1,202
10750,2024-11-18,617,7797,6,GB14XDFG71067287286604,5,256
10751,2024-06-15,646,4886,9,GB02NJXV48595922483958,2,301
10752,2024-12-21,792,8486,4,GB62IPOG52287056227104,4,295
10753,2025-01-28,171,3248,24,GB80GGWD87510979215835,4,496
10754,2024-12-31,733,1710,14,GB75AGIJ69459648831921,3,444
10755,2025-02-08,847,6119,14,GB23GIFI91289659994973,4,405
10756,2024-07-05,350,6119,8,GB09AZHG19222705102876,2,359
10757,2025-01-14,754,6119,22,GB66PKJQ13866675485819,4,301
10758,2025-03-24,350,6295,19,GB60GFUI26877418652057,1,359
10759,2025-02-24,180,1841,32,GB09VLXN39836520375830,1,462
10760,2024-12-14,1,4886,7,GB06JKDL48094047604409,2,1200
10761,2025-03-16,32,8770,15,GB46AWPT77278105092221,1,517.83
10762,2024-10-10,792,8606,14,GB62DBOU05184390552958,3,295
10763,2024-05-06,14,9850,1,GB63VMNV01382412704938,4,800
10764,2024-10-06,266,7511,5,GB58FUXA44851579197111,1,334
10765,2024-07-10,733,7797,5,GB32XCFK90203571343240,1,444
10766,2024-09-25,1,8606,10,GB46WJFI29563343244741,5,1200
10767,2024-11-07,833,3939,1,GB86LSLL87209628936543,4,370
10768,2024-09-10,350,8438,34,GB71WQRX41834374018272,5,359
10769,2024-10-29,754,8560,8,GB43SKLS69051502675512,5,301
10770,2025-04-20,180,1042,9,GB28LJFO82079799667345,3,462
10771,2024-12-20,384,8381,33,GB73KPVM40381664969028,4,455
10772,2024-07-04,467,2501,6,GB86JTWQ39225014257627,2,476
10773,2024-05-01,833,5831,13,GB42VEGF44123361328507,1,370
10774,2024-07-01,32,3344,10,GB75LDPR63767316252654,4,600
10775,2025-03-15,733,7511,4,GB30VXNT68157903923555,1,444
10776,2024-11-11,373,8245,6,GB61ATTY61327303461562,4,573
10777,2024-10-13,444,1710,11,GB29EJJM70462268171516,5,244
10778,2025-03-09,64,4630,29,GB21ZAFK29867076604641,1,1400
10779,2024-12-21,132,1018,37,GB67ZZOQ57585126861205,4,202
10780,2025-04-28,617,1841,2,GB22WSIG89760740177509,3,256
10781,2025-01-22,733,2501,7,GB07LINK40842456075409,2,444
10782,2024-06-13,703,3939,31,GB02LXBR63218122764579,5,736
10783,2024-08-03,754,7566,6,GB49XQSO01550291681546,1,301
10784,2024-10-03,833,8245,36,GB78AFXI16139449883059,2,370
10785,2024-10-31,171,3248,24,GB82GYNI24809624406306,5,496
10786,2025-01-11,703,3344,9,GB39EIIO95133053194979,1,736
10787,2024-10-11,180,6119,22,GB43UTKR67805555727738,1,462
10788,2025-01-26,64,4886,5,GB26FVMI60917851385445,1,1400
10789,2024-10-23,703,9850,3,GB28VOAE99295966048736,5,736
10790,2025-04-23,384,7566,8,GB48REMT11633194226865,1,455
10791,2025-02-16,489,1042,39,GB23GNTI55158886367747,4,494
10792,2024-06-30,132,2612,1,GB43FMJA85721696663093,4,202
10793,2024-06-23,444,8245,6,GB79TTQC99605932971509,4,244
10794,2025-04-09,32,7566,5,GB02ZUMR83275327352410,3,600
10795,2024-07-20,132,8770,17,GB86SOOH97327819523710,1,202
10796,2025-02-15,617,7594,5,GB03BVVN87616481980770,2,256
10797,2024-08-22,646,3344,13,GB56ZMXY05687611249125,3,301
10798,2024-10-08,64,8381,3,GB51VKEH73415177345475,3,1400
10799,2025-03-02,467,2612,8,GB63OWIS49022840359544,1,476
10800,2025-02-03,754,8381,3,GB49FSUJ77422294643039,4,301
10801,2024-08-26,467,7797,16,GB40ESAI58867925298585,5,476
10802,2024-09-24,444,8438,34,GB95PUFQ72760153433249,1,244
10803,2025-02-27,877,7797,12,GB48XZDU35779083350615,5,565
10804,2024-11-14,396,7947,1,GB96CIRR81079833423372,4,596
10805,2024-05-16,1,4912,10,GB66TIRI13128403339977,4,1200
10806,2024-06-08,32,6119,14,GB12RZBK13717173189397,2,600
10807,2024-08-25,171,8606,14,GB32SASN17399704694725,4,496
10808,2024-11-14,350,7594,5,GB08PQJU44835488471270,3,359
10809,2024-09-01,617,7511,15,GB50QPPF21641758231334,1,256
10810,2024-11-11,350,4886,6,GB19JKYQ71493925236229,4,359
10811,2025-01-13,833,7511,14,GB05FKQP96434745245557,3,364.98
10812,2024-08-28,617,8560,38,GB08NSMY60606527403344,5,256
10813,2025-03-20,396,1018,37,GB36LAKN65883398741132,1,596
10814,2024-09-04,754,4912,10,GB37XPXS70673499601054,4,301
10815,2024-11-25,703,3248,10,GB53LOJD72156229493817,4,736
10816,2024-08-04,703,6977,10,GB64KSRY48840215573257,4,736
10817,2024-07-28,489,9850,12,GB91OLKG44902166670808,3,494
10818,2024-09-23,703,9850,16,GB81ASNB85874951191818,4,736
10819,2024-07-01,703,8245,6,GB66ZQCS79316477251295,3,736
10820,2024-10-24,833,6119,14,GB51QYWX60694096003562,5,370
10821,2024-08-09,132,8486,6,GB89HSVY58739592323421,3,202
10822,2024-05-11,384,2612,1,GB49RTBY28515533342643,5,455
10823,2025-04-29,792,2501,1,GB27GYLA27160736077633,2,295
10824,2025-02-24,266,7566,16,GB86MSDC28981231795563,1,334
10825,2024-07-21,646,6977,15,GB85CZQL74817006661554,4,301
10826,2025-03-21,833,3248,12,GB89CNUJ31670450232902,4,370
10827,2024-11-18,266,7511,1,GB95EEWP00934596262282,3,334
10828,2025-02-13,132,1042,9,GB85ZZVF51207346549500,4,202
10829,2024-09-06,384,8381,33,GB62APBX26086982210531,5,455
10830,2024-10-11,847,2501,12,GB06CDPO68729047742585,5,405
10831,2024-12-25,180,6295,17,GB65VWDP79323822311649,5,462
10832,2024-06-10,14,7947,25,GB37HHIF45798894256529,5,800
10833,2025-02-10,396,1710,16,GB81BXZM03202032650977,1,596
10834,2025-03-30,132,5831,20,GB43LGUS67379487148552,2,202
10835,2024-08-08,489,9850,7,GB25KZPY87158415608213,5,494
10836,2024-10-25,489,5831,3,GB48DDRW42547681826832,3,494
10837,2025-03-23,444,8438,4,GB57VHYA35892988085838,1,220.46
10838,2024-07-04,617,8560,8,GB44LFDV29328963406468,5,256
10839,2024-10-11,733,2501,15,GB19POKE40148439910622,2,444
10840,2024-11-03,467,2612,10,GB72FYZH62669335134261,4,476
10841,2025-02-06,266,2501,13,GB14XSVE37245018481973,2,334
10842,2025-01-12,877,3939,31,GB34OJDR97215406417692,1,565
10843,2025-04-06,833,4886,6,GB70WWZP43811995376601,1,370
10844,2025-04-01,646,7594,5,GB62YIXX44856451017397,3,301
10845,2024-07-25,703,6977,8,GB81SNVI17899698609191,5,736
10846,2024-12-10,847,2612,2,GB66DDYH59966057798066,1,405
10847,2025-01-15,467,6119,14,GB51AGSF05146074555347,3,476
10848,2025-03-01,32,4912,10,GB56BKOW42388565271559,1,600
10849,2024-11-26,1,7626,18,GB55XZHK41165972634755,1,1200
10850,2025-03-09,266,7947,1,GB43OLYF25013948848826,2,334
10851,2024-12-27,180,8245,36,GB79WCGC19642585626149,2,462
10852,2024-12-08,703,7797,12,GB31CKHO03824073333732,4,736
10853,2024-05-05,132,7947,12,GB23JHAT77688936289696,2,202
10854,2025-02-15,350,1710,11,GB46IWZL46553585125389,4,359
10855,2024-06-20,1,6119,17,GB73DZQW78519358374907,2,1200
10856,2024-12-27,467,2501,12,GB53OPSN12087805721514,4,476
10857,2024-12-08,1,8770,11,GB09IXAW97626374845398,2,1200
10858,2024-10-06,617,7566,8,GB67EYRV95090591191862,5,256
10859,2025-02-09,64,7947,21,GB70GHTY22071511696667,2,1207.03
10860,2024-06-23,877,8486,5,GB52KFDJ52647124633515,4,565
10861,2024-10-23,64,1042,9,GB10YDQI09080512080056,5,1400
10862,2024-08-27,489,8486,8,GB55AZSS51239728351295,4,494
10863,2024-12-09,396,3344,12,GB22FOWY28270908144152,1,596
10864,2024-12-16,877,2612,3,GB06QFDP39295786718153,5,565
10865,2024-09-20,350,3248,7,GB44EHPG60507918158998,5,359
10866,2024-11-19,171,8381,3,GB52MYRU34527346666170,3,496
10867,2024-11-07,64,8560,38,GB70DKRP96474080314998,1,1400
10868,2024-07-07,350,2612,10,GB74UKXB80046358068828,5,359
10869,2024-09-22,384,4886,13,GB87VWBG17235137399006,2,455
10870,2024-07-20,171,3344,1,GB74WDJA35263560229394,2,496
10871,2025-04-08,847,1710,1,GB82NVSW43460666437490,2,405
10872,2024-12-30,733,8245,36,GB49WMBW72311127128524,3,444
10873,2025-01-20,754,8245,6,GB96WWMJ84494116318732,4,301
10874,2024-11-18,396,1841,2,GB20BPPD13062113695727,1,596
10875,2024-12-18,847,7594,35,GB77YBVQ33509025425730,4,405
10876,2024-09-29,733,8606,11,GB70MEJQ13235707139848,4,444
10877,2024-07-02,266,7511,14,GB62ERKB11688092550213,4,334
10878,2024-05-03,847,8245,36,GB29MASB69130981079649,5,405
10879,2024-09-28,1,7947,21,GB68OXHV79457727853242,3,1200
10880,2024-09-28,14,1042,9,GB27IFLX06420768362536,5,800
10881,2024-10-11,833,8245,6,GB67NOXO76755562833339,5,370
10882,2024-07-15,646,7566,16,GB22XVZT57865436271874,5,301
10883,2025-04-17,180,8438,4,GB44YTNB33582686270369,1,391.76
10884,2025-01-15,617,7566,20,GB28FIXV92693265732759,3,256
10885,2025-04-28,733,3248,26,GB58YTQX01110005155323,4,444
10886,2024-08-28,733,1018,37,GB61CLTK97752441822261,1,444
10887,2024-11-23,646,3248,12,GB85TNFR87431271026767,3,301
10888,2024-07-06,14,6977,12,GB56YASW57992707955151,3,800
10889,2024-07-08,32,6977,8,GB38ETJV62135415970996,2,600
10890,2024-07-05,792,7947,18,GB76LIGQ48075203447650,3,295
10891,2024-08-14,373,9850,19,GB13XYVO15802909046376,2,573
10892,2024-09-28,396,7594,5,GB61BWVI65586652548374,2,596
10893,2024-08-12,14,2501,5,GB17COVC58102131251293,5,800
10894,2025-02-27,617,9850,7,GB05CCAX05912975191023,2,256
10895,2025-04-22,703,8770,10,GB86XCFC10633016583737,3,736
10896,2024-12-22,171,1042,39,GB66WFPJ90728012342893,1,496
10897,2025-01-27,754,7566,24,GB91DWYC32532694968436,1,301
10898,2024-08-06,617,7626,21,GB11LXHQ04421017509617,2,256
10899,2024-05-05,132,7594,5,GB95XVCK95919457575747,2,186.51
10900,2024-08-30,266,3344,5,GB95RXGH92056775677722,2,334
10901,2025-02-11,171,1710,17,GB11YMNA25626506229231,4,556.29
10902,2024-05-07,384,6977,11,GB32MPEI53076248433797,1,457.45
10903,2024-10-16,384,8606,10,GB93NFPV05115794238736,3,455
10904,2024-11-07,467,7511,1,GB88AJUF54969192845525,5,476
10905,2024-12-06,1,7626,15,GB19PCAO56335357485953,4,1200
10906,2025-04-16,489,5831,10,GB04EKZU93993379705816,1,494
10907,2025-02-16,733,3344,1,GB20ETKC87794176342507,4,444
10908,2024-08-04,792,7511,3,GB46HUAK59782457598339,3,295
10909,2024-12-21,833,8486,7,GB31DJXB38843660443240,5,370
10910,2024-05-12,754,2501,16,GB08UUYN15727682975147,3,301
10911,2024-08-16,266,7566,6,GB09GWTO42925010587525,1,334
10912,2025-03-20,64,1710,17,GB34XMRA65625904599080,1,1400
10913,2025-02-05,64,6295,25,GB96WWEP11221823155516,4,1400
10914,2024-09-11,467,3939,1,GB82YCPM80866281372143,2,476
10915,2024-08-01,373,6295,1,GB80BUVR00370033228556,3,573
10916,2025-02-18,350,7626,10,GB24UVMA84706810390339,1,359
10917,2024-11-07,489,2612,2,GB09ALWC95826328094485,1,494
10918,2024-11-15,877,5831,22,GB88MFGY94535461470798,1,565
10919,2025-02-24,384,1710,11,GB90MGFD06133943945703,2,455
10920,2024-12-07,444,1710,7,GB60IGQA40325376576927,1,244
10921,2024-11-03,1,1018,37,GB37RTJZ31910090040476,1,1200
10922,2025-02-08,754,2501,2,GB24SFDB53365146040142,5,301
10923,2024-08-11,266,6977,9,GB49OZGD07201137984409,1,334
10924,2024-11-03,373,8486,1,GB10CXWE31660076762090,4,602.86
10925,2025-01-11,373,7594,35,GB47CYIW47340433700968,1,573
10926,2025-01-28,132,3344,12,GB93PZHW04519577825588,1,202
10927,2024-06-26,64,8486,6,GB46KXUL62965754278656,3,1400
10928,2024-06-03,754,3344,5,GB20TIEK57782058295829,2,301
10929,2024-06-24,32,8606,8,GB22ZGWM16188081904823,1,600
10930,2025-01-21,396,1710,21,GB23WZKP15586863956137,4,596
10931,2024-06-30,877,6119,14,GB91WYGW08172143643813,2,565
10932,2024-05-10,444,9850,16,GB90AAJD32114716560945,2,244
10933,2024-09-28,32,4630,20,GB57LGJN99799070755047,2,600
10934,2025-03-31,64,2501,6,GB60ZMYR16995706071748,3,1400
10935,2024-06-05,444,8486,5,GB29CHXW17653970548739,2,244
10936,2024-10-07,617,1710,19,GB18DAVE90871827496804,2,256
10937,2024-12-14,733,9850,13,GB34DWQP27420495612137,5,444
10938,2024-11-05,833,7566,7,GB84HAMY26042359737112,3,326.73
10939,2024-06-24,792,8606,5,GB69EXTS07756085816704,5,295
10940,2024-10-17,792,6119,12,GB12RWNC11457683210219,3,295
10941,2024-07-12,489,1841,2,GB16VGOV85847129618033,4,494
10942,2024-06-27,384,8438,4,GB44JEXW60508018498042,4,455
10943,2024-09-02,489,9850,17,GB57HPZG37773126881228,5,494
10944,2024-06-26,1,2612,7,GB83YCPQ19236534606056,2,1200
10945,2024-05-11,384,7626,9,GB33GVXL67932798623984,4,455
10946,2024-11-10,877,7797,15,GB61YCNT06181205464754,4,565
10947,2025-03-21,32,3939,31,GB12RTKJ78769899927517,1,642.52
10948,2024-09-10,1,1042,9,GB76RQTU14444983553935,1,1200
10949,2024-08-27,14,7947,9,GB85GKQV64496392435885,5,800
10950,2024-07-19,833,1710,13,GB24ZOSQ21433952753674,4,370
10951,2025-04-28,444,8770,2,GB76SORK24914168601347,1,244
10952,2024-10-24,489,7797,3,GB96RSIQ96340679176651,5,494
10953,2024-06-24,754,1042,39,GB52FDLY00141884216309,3,301
10954,2024-05-24,32,8606,5,GB86ADKT44633399948532,2,600
10955,2024-05-09,733,8486,3,GB02RSKY32638902199471,5,444
10956,2024-06-07,489,7566,3,GB97HNHH79223410346996,3,494
10957,2024-10-21,373,4886,13,GB16GHDC67726960843768,1,573
10958,2024-09-10,132,8381,3,GB13KAPQ96793521962633,1,202
10959,2024-08-31,467,9850,14,GB24LMIH43697093170695,1,476
10960,2024-09-17,833,5831,2,GB77MAPN76164534547223,1,370
10961,2025-03-28,1,8770,23,GB65SUQT83065031219804,1,1200
10962,2024-05-31,350,7511,7,GB92QIOE42642364281319,5,359
10963,2024-05-21,180,7947,15,GB90SUZZ24876230391114,2,462
10964,2025-03-14,877,7594,35,GB84ZFRD78522823052480,1,565
10965,2024-11-11,1,8486,9,GB75QBME20722395947372,3,1200
10966,2025-01-31,180,8381,3,GB96DWHF90162047876886,5,462
10967,2025-04-11,489,8381,3,GB06QOUQ59964862872031,4,494
10968,2024-12-19,180,2612,4,GB69LJDT66645057303627,4,462
10969,2025-04-02,171,8245,6,GB70SZYX24632037476775,2,496
10970,2025-04-08,617,7566,25,GB74GOEN03214505766194,5,256
10971,2024-09-15,266,6119,15,GB11QRPB71553482012840,2,334
10972,2024-05-10,646,8606,15,GB06QGUQ50765975954508,1,301
10973,2024-12-14,1,8560,38,GB88DOYP68089812657422,4,1423.02
10974,2025-02-20,877,3344,3,GB06GCTM46300402369362,2,481.54
10975,2024-10-13,14,7797,11,GB73RSIG01204713727117,2,800
10976,2025-03-12,703,8560,38,GB49KTXL74988558298493,3,736
10977,2024-07-27,617,3248,5,GB43ANPI58476094412833,5,256
10978,2025-04-08,877,8438,34,GB78HOED88566695413297,1,565
10979,2025-04-26,350,8560,8,GB42VCYK06662670551437,1,359
10980,2025-04-07,384,8381,3,GB53PMSG66343925295961,3,455
10981,2024-06-09,833,8486,11,GB38CCZX02867120072024,5,370
10982,2025-03-24,467,3939,31,GB54LVVW59102451091090,2,476
10983,2025-03-16,833,2501,11,GB57GZFM71494981942179,5,370
10984,2025-03-28,132,6977,14,GB31IFUY81793406527758,5,202
10985,2024-08-27,847,7566,5,GB60JUWM63453372201091,5,405
10986,2024-06-27,132,7594,5,GB23DOEE14559376618943,4,190.34
10987,2025-04-13,1,8560,38,GB87PUBL26351004627765,3,1200
10988,2024-10-22,489,3248,22,GB82EKXW65920246175202,3,494
10989,2024-08-02,1,7566,25,GB27QTPI32600559550178,3,1200
10990,2024-07-18,64,1018,7,GB73GEKV84868999360798,2,1400
10991,2024-08-21,444,7511,15,GB77RYOB45069176799359,2,244
10992,2024-07-26,373,1042,39,GB12OIJU03946408303736,1,573
10993,2024-05-01,132,4630,9,GB55NBCZ48860849079388,4,202
10994,2024-08-20,373,4630,2,GB04YDHM85283061537012,4,573
10995,2025-04-27,646,8381,3,GB18XXIF44626325144881,1,301
10996,2024-05-30,180,7594,5,GB18EDAH14217518878179,1,462
10997,2024-08-17,171,2501,10,GB25ZCLZ15263840911225,4,496
10998,2024-07-02,266,7594,5,GB73QWRG75056618632397,3,334
10999,2025-02-25,617,7626,12,GB57SXWC37876553007309,4,256
